Hash,Author,Date,Message
19a2e14,"bohra0022",2026-10-07,"first commit"
b88338f,"bohra0022",2026-10-07,"docs: note that the full backend has been uploaded"
e154036,"bohra0022",2026-10-07,"docs: add project idea, abstract and objectives"
2016d55,"bohra0022",2026-10-07,"docs: add features, modules and tech stack"
0de054b,"bohra0022",2026-10-07,"docs: add reports folder with commit log"
ae83e2e,"bohra0022",2026-10-07,"docs: create reports folder structure for project submission"
76f7ec5,"bohra0022",2026-10-07,"backend added 2nd time"
b4a6f5a,"bohra0022",2026-10-08,"chore: set up React + Vite config, API client and shared utils"
6891d41,"bohra0022",2026-10-08,"feat(redux): add adminDashboard slice and thunks for super admin stats"
fa37aff,"bohra0022",2026-10-08,"feat(redux): add auth slice and thunks for login, signup and password reset"
b800862,"bohra0022",2026-10-08,"feat(redux): add branch slice and thunks for branch management"
59c7e45,"bohra0022",2026-10-08,"feat(redux): add branchAnalytics slice and thunks for branch sales charts"
3742915,"bohra0022",2026-10-08,"feat(redux): add cart slice with items, discount, tax and held orders"
391ed0a,"bohra0022",2026-10-08,"feat(redux): add category slice and thunks for product categories"
c59138e,"bohra0022",2026-10-08,"feat(redux): add customer slice and thunks for customer records"
ded8c80,"bohra0022",2026-10-08,"feat(redux): add employee slice and thunks for store and branch staff"
7fd0937,"bohra0022",2026-10-08,"feat(redux): add inventory slice and thunks for branch stock"
ce4e04a,"bohra0022",2026-10-08,"feat(redux): add onboarding slice and thunk for store signup"
5e1ae71,"bohra0022",2026-10-08,"feat(redux): add order slice and thunks for POS orders"
